{
  
  
  "help": {
    "finger_states": [
      1,
      1,
      1,
      1,
      1
    ],
    "tip_distances": [
      0.37284729245306375,
      0.9451741272215948,
      1.0,
      0.9400031622860193,
      0.8244999914045125
    ],
    "finger_spreads": [
      -1.8327294474669418,
      -0.41664222934309064,
      0.334683174334043,
      0.7739268228674158
    ],
    "hand_angle": -0.41664222934309064,
    "curl_levels": [
      0.6549019665636607,
      0.9550563259834769,
      0.9858540650362815,
      0.9927068022057776,
      0.9863821549574533
    ]
  },
  "palm": {
    "finger_states": [
      0,
      1,
      1,
      1,
      1
    ],
    "tip_distances": [
      0.6705552780602148,
      0.9586611093509585,
      1.0,
      0.936576586533576,
      0.8164554262294358
    ],
    "finger_spreads": [
      -1.149110293421,
      -0.40258322031670496,
      0.3779169773145964,
      0.6285123283311409
    ],
    "hand_angle": -0.40258322031670496,
    "curl_levels": [
      0.9323604360766128,
      0.9587465280634503,
      0.9848344580667308,
      0.9935826549621438,
      0.9925922649039662
    ]
  },
  "fist": {
    "finger_states": [
      1,
      0,
      0,
      0,
      0
    ],
    "tip_distances": [
      1.0,
      0.7408752847988015,
      0.7038883388624841,
      0.499860674735872,
      0.5123428381789421
    ],
    "finger_spreads": [
      2.2048753038006814,
      -0.27374108614356174,
      0.7879450059963625,
      -0.13737849431108662
    ],
    "hand_angle": -0.27374108614356174,
    "curl_levels": [
      0.9088059940584876,
      0.09612028896223289,
      0.10368336745938335,
      0.1775208945005361,
      0.27344330259405836
    ]
  }
}